followers_count,friends_count,statuses_count,account_age_days,avg_daily_posts,is_bot
1703,1334,8451,378,2.852711211852001,0
1,4899,25631,16,25.59919337548731,1
1547,1193,6021,1523,2.7584540215522275,0
4596,897,12413,2581,1.9342786178083495,0
3689,897,13281,2009,4.225591165987313,0
4815,1672,14839,1535,4.422616929858427,0
28,1830,44054,71,64.48553944662903,1
2713,1168,7279,2182,2.9848512410114254,0
4397,169,4972,1846,3.169562699802701,0
58,4359,7018,49,64.04190235218249,1
768,1335,725,2291,2.0411631088489943,0
93,2206,37677,47,36.78476194018756,1
3937,364,14802,1399,2.8090816784656867,0
4085,1757,5823,994,4.0947133799706155,0
63,4049,24560,95,38.72177422273608,1
2,2463,39325,72,36.991422813453774,1
3,2139,35754,99,73.35339134793229,1
73,1732,34861,37,72.64134118884863,1
1732,1172,2263,2760,4.485762072265581,0
4577,1247,14628,2585,1.7132656791898533,0
834,1978,4590,666,0.29854717854076485,0
4904,1505,13160,1147,1.373490544247765,0
1530,1123,18994,1124,2.9853434479343153,0
9,4596,39333,18,76.17152104237678,1
5,4758,20185,33,37.81857336928309,1
93,3841,47382,50,29.304598517311042,1
49,3337,29918,59,89.6810816748816,1
816,731,2988,1273,3.93617337526632,0
1232,968,10899,2855,2.813838551368731,0
3826,1493,4242,617,4.303838275343978,0
61,1913,49198,1,62.08064370100771,1
21,1095,48877,28,75.31245405133788,1
1120,1548,17110,1214,1.204448121994972,0
82,4671,26870,35,24.501084976416962,1
18,1425,25847,55,59.101056239263045,1
4363,1639,1118,558,1.745169417702763,0
40,4828,14374,49,85.68558403146989,1
4441,907,4821,2686,3.9158615682627347,0
2295,990,17361,2958,3.3759402113483405,0
4955,1177,12920,647,3.3251483737463152,0
801,1999,3447,2190,3.489456890551772,0
559,1920,18474,997,3.0943358690893374,0
2970,666,2399,1568,1.9202757716160985,0
84,4679,36473,24,23.26304820286989,1
3338,1275,5633,1037,0.6688566158437163,0
28,2605,37404,6,62.384711184016304,1
30,4081,47304,57,46.170482889042205,1
1364,726,14763,2365,1.2168289991753118,0
55,4705,21688,45,38.494754781868025,1
33,3758,45242,83,45.554752862310735,1
2228,188,15410,1704,0.1390540366067865,0
50,2870,42813,66,56.97701454573399,1
94,1785,27849,32,85.69502016475724,1
523,872,17844,952,3.617463226171898,0
87,4041,47427,87,43.16814218718981,1
4560,1250,18851,1302,4.011226809866324,0
4962,1194,621,810,3.46135005116715,0
3334,1805,18827,634,4.557899468963163,0
1940,505,14278,1442,2.202771083255038,0
73,1580,14531,22,52.243220299928154,1
427,553,11064,1322,3.1262669161493717,0
65,1772,39535,97,81.05636378282824,1
788,454,11117,714,1.7845887367348767,0
24,1211,38731,46,46.69396975659143,1
66,3926,28393,28,92.06675383060384,1
67,1161,18432,4,31.428256171457846,1
348,453,2308,1298,2.7799350677361847,0
2808,106,11545,1720,1.1921608345188972,0
14,1984,27484,73,93.64820693794776,1
21,2276,26852,25,74.22388069536778,1
71,2970,25653,11,32.29321543768859,1
4490,740,8711,1899,2.0288003389399694,0
878,1440,8956,2385,2.51845442912542,0
57,4326,19840,80,68.87897492630321,1
83,4984,48745,92,52.33674601092297,1
69,4273,21481,19,57.557360098155435,1
4531,1434,16639,1945,3.425020442513429,0
91,3580,37678,15,59.356835948225104,1
1370,623,4290,2084,4.674354512103785,0
4819,233,14523,1378,0.4479489560133604,0
2,4195,20787,59,24.897556481403377,1
16,2539,46592,15,77.90807788475159,1
3063,205,6168,2341,3.2507843096612503,0
478,943,16177,1729,4.707514201421873,0
1603,744,16097,1633,1.4635626368509858,0
3633,921,13258,672,2.1523754918992704,0
61,2028,12436,21,42.97309941323508,1
59,4962,22392,47,61.28462665777854,1
2744,1752,636,1686,2.2749265310331013,0
273,1198,559,2370,1.689101857688963,0
2965,1398,14808,2596,3.249165025565716,0
38,2033,20017,94,37.517557413815766,1
3426,1695,18612,1087,0.7093762574367785,0
1732,1908,14363,1223,3.9068852241808467,0
14,1903,13666,4,47.14960476279668,1
4992,1249,7227,1936,1.1429108629960694,0
1127,1636,7866,914,0.22473661520748645,0
2414,444,10548,1542,2.603865837717495,0
19,4305,30350,81,58.51368249333685,1
82,4440,21713,62,95.9447706082628,1
12,4382,20765,22,56.80238212859219,1
54,1310,10901,85,48.436946777440866,1
77,3814,5103,35,24.53381487640992,1
3630,1663,13153,1463,1.3258122167577266,0
1108,113,19091,2135,4.757329208153052,0
1199,907,6504,2494,1.2802974483964744,0
68,1657,5915,55,96.23515578489878,1
88,4929,29205,56,53.575898297452056,1
86,4544,44816,95,36.13830171865668,1
39,1252,41311,70,81.99820492247315,1
2912,1186,15297,1514,4.587708657129808,0
3213,1785,11835,1615,2.3558865492019474,0
86,2461,11980,48,78.23628380864787,1
26,1997,14736,49,94.37939336704719,1
1711,1554,8508,1915,0.12586683173092728,0
38,3422,18197,17,46.5499480792344,1
3553,377,16785,2932,4.396443286441576,0
3350,273,13660,2175,3.9256893344864667,0
602,596,2169,2818,3.620813680249442,0
3256,1999,12619,1601,4.6861854266971745,0
96,2498,44316,39,82.74636818459719,1
4313,726,1941,521,1.1294099750688331,0
61,3292,44173,9,67.78077517198984,1
61,4491,43790,19,99.4462564255194,1
1696,1296,9420,1341,3.593135356042289,0
91,2884,31769,18,49.23757060042767,1
12,3748,10613,55,69.53517007653682,1
59,3705,48172,83,29.81127783363606,1
3424,1884,19274,2838,3.250661881866092,0
1088,1009,10875,1158,3.1880154738170052,0
73,2258,49442,66,52.39400560401315,1
17,1646,15576,42,47.2412761445178,1
3984,376,1176,1556,0.7791629777990727,0
86,2025,34073,78,80.81542987976816,1
9,3366,34044,44,48.00475244871332,1
742,1664,19183,1156,0.26950058010002975,0
1031,1903,892,428,0.5436448695869674,0
3698,1018,6800,1208,4.366642967739188,0
77,4055,43546,28,72.7079351898892,1
93,1544,24796,77,67.55018174292945,1
30,3001,21358,33,84.38184055519142,1
92,3986,40868,86,91.10073989796975,1
69,1918,31099,56,66.22506627068395,1
650,1655,13480,1384,1.970443472933172,0
48,1626,37693,40,57.289104768350256,1
98,1854,16284,58,72.291982652212,1
31,4202,39185,14,73.46306596680431,1
3229,395,14235,1242,3.86892322635833,0
60,2759,41070,33,47.28783887515202,1
46,3167,24797,31,46.784893301904795,1
3357,1792,2797,1924,1.8138521261702498,0
61,2820,14544,22,22.244626970163388,1
3748,882,10472,2524,4.424066956190531,0
2657,1914,8002,2951,3.8378505648142016,0
67,4216,13483,63,27.626962976181613,1
75,3889,42753,79,87.45088913363533,1
3093,1548,1548,802,2.225735846605991,0
2552,1261,8123,433,4.339554958518453,0
17,2610,19477,86,96.31579765942294,1
49,1196,5853,74,39.016191157648656,1
4468,1347,6930,2047,1.1163898842160218,0
2709,1767,1214,1801,3.881180617192164,0
18,1771,28945,74,28.981919426419243,1
3855,1288,3435,975,1.825587306862034,0
3201,1129,13466,2844,1.9878020440648452,0
3933,1363,17539,1861,0.5883751455728651,0
82,3007,49374,31,68.18982967397369,1
4446,1192,5673,1151,1.9660881222052633,0
88,4708,42237,39,68.51759688932222,1
42,4082,45185,79,70.98830128621022,1
2,4270,38090,85,30.15916859693549,1
4401,1414,10440,366,0.6397386452973134,0
2673,881,8931,1460,1.7208917290393162,0
69,2317,37180,86,73.25677147588043,1
1097,548,12996,1268,3.088642397534196,0
27,2309,28647,37,61.73321710224122,1
61,1629,36839,36,28.480430954027966,1
66,4296,39858,48,46.169409516353184,1
4618,1064,3485,588,3.764322699736982,0
2,2525,32732,50,82.2320204400728,1
12,2917,21126,30,33.75776419697735,1
41,1835,11339,55,77.20140459234267,1
1545,1369,11648,1295,0.9635302848692221,0
0,3181,32665,83,40.36569549849639,1
81,4971,23533,46,86.87032888340912,1
27,4556,45808,49,59.66975552501104,1
4995,367,1954,1707,2.5197196594768507,0
1486,875,10091,2828,3.5444639363293056,0
4114,549,5167,475,0.9684614399007976,0
73,2240,25788,88,39.32966365747632,1
2664,1183,18025,1685,3.135911800319618,0
1273,1080,10793,2737,4.045638027386126,0
70,2052,49184,8,94.12860004796418,1
41,2867,13892,6,60.80459657161144,1
26,4659,6810,13,39.306866182527,1
460,976,11022,1283,0.9182033856912442,0
61,1644,37652,93,61.41628902625872,1
267,1508,10010,1355,1.0478997211758887,0
92,2748,45815,53,59.769880461454115,1
4718,1692,8655,2105,3.1871331431034924,0
2834,1912,8332,1941,0.631042538045848,0
76,4933,12548,36,72.23417279662306,1
87,3806,15141,85,31.620077464150835,1
6,4035,10391,73,98.95284761021004,1
3041,602,11539,2959,4.338313052051233,0
1130,1907,19885,915,0.15523779507154348,0
1659,681,12749,720,4.953678312524583,0
378,1854,12496,2868,0.5179747059508004,0
4519,992,6954,1241,3.14520439173198,0
22,3506,19180,57,47.459162017600114,1
3772,1523,5943,1115,0.9314605900146556,0
57,3754,21054,49,91.54040154475146,1
2,2212,12708,93,47.41861250649964,1
51,2324,39324,82,57.67978007465997,1
3138,413,14316,1489,3.4715039983491116,0
18,4323,17064,77,99.91575977592595,1
1855,1118,14402,1186,2.1907126295195707,0
3624,705,14616,1804,2.093247134763621,0
11,4412,17572,92,48.25860705161401,1
66,2133,38058,66,70.35566229574852,1
76,1069,34855,3,70.23727444094726,1
3171,664,10935,1226,4.8823865235451995,0
3733,388,13745,1955,0.6675290537324542,0
2713,708,17597,862,2.7647699468490248,0
96,3854,33667,32,54.9085942265312,1
59,3642,25633,59,77.70746294931678,1
165,1290,18777,1432,1.9605832378070713,0
2339,726,17667,995,0.4594758495513718,0
4330,1456,10871,531,2.259920673313773,0
63,1982,26290,12,57.03895415314516,1
31,3133,28510,64,76.60509849688492,1
3520,1624,7779,791,0.286205992752759,0
3137,1682,3684,1597,1.4315651102162823,0
479,1152,18578,2759,4.3120086305056775,0
4,2581,10100,39,94.9057472670445,1
80,4993,12478,22,77.40459239283095,1
30,3255,12377,11,87.91877037930333,1
1390,1777,13861,1384,1.3644401038794667,0
31,4757,19081,87,73.83599323336306,1
60,4320,20632,85,54.27077035551997,1
797,382,2594,847,1.7536468813104653,0
43,3168,6951,22,32.328511284074835,1
4200,515,16010,709,1.7710567831620425,0
41,1363,9770,30,57.923019156113746,1
4220,1003,13619,872,2.6559038631731346,0
1954,833,6167,1157,3.775963896608555,0
4445,1171,7453,1035,2.751683125587639,0
60,2619,26373,56,67.52650176663106,1
29,2181,38709,99,48.84551247696186,1
3385,367,16710,765,4.289992534890846,0
740,1918,18095,2921,0.4364204915309605,0
76,4159,40130,90,34.26233441866301,1
2847,1462,9383,1377,0.4777288294680174,0
12,1171,39364,7,67.54767616442274,1
1926,1740,1924,535,4.291995249224406,0
888,150,9237,1315,1.1828709284045158,0
2394,1482,6458,2767,1.9353113212942306,0
4997,1114,12035,2605,3.296044936832756,0
91,2530,45188,2,50.03659421014365,1
96,2692,25710,37,47.29965416462174,1
2071,1293,13152,1350,1.0007014058207113,0
58,3874,41219,81,66.95844652288592,1
38,1757,49745,89,26.668930611196053,1
384,1915,10840,827,3.9159523062008765,0
61,2811,23854,92,21.648309722382784,1
55,2895,36578,61,53.453557798082386,1
4932,1071,19108,2835,3.8588546977108162,0
54,1114,18588,15,73.89758550460346,1
93,4946,21153,84,94.92373923883616,1
2281,1209,15659,1951,0.3777243755529046,0
2587,1042,1170,2049,2.310068646241646,0
1,2665,35180,21,55.369406597662945,1
33,1459,43660,5,54.40080296557983,1
2488,1473,14893,2548,2.641245251778059,0
167,870,7440,1097,0.6602948203549218,0
35,3847,37044,45,72.29336462802445,1
63,1992,14411,87,61.854664196346164,1
23,4473,9482,79,22.84425093376666,1
1605,1425,2792,2835,2.060533807952985,0
22,2988,19017,63,97.07365425328123,1
39,1773,22717,98,92.18605365928954,1
84,2344,8827,94,97.85520955673447,1
4176,774,18692,844,0.6725177223544073,0
292,1116,7551,1738,2.6480999853846297,0
4009,1090,17927,2825,1.7082769312745532,0
1008,1456,5561,638,2.789433201026241,0
1852,249,1671,2241,4.179724617642166,0
20,1205,30492,42,89.18076644648438,1
1585,1300,19493,1238,2.1046994474999186,0
34,1923,10862,63,57.33498073332641,1
1191,603,17829,2126,2.9674194067917177,0
1,4982,43957,94,87.85618587634872,1
93,4363,11887,55,33.441797271138796,1
2014,1604,11531,2619,1.1925170950715234,0
34,2167,32967,45,27.929671924320154,1
780,592,19171,894,0.5490684259397963,0
2104,458,16160,2624,3.3230150154650975,0
2337,1759,17119,416,3.7956008500850724,0
1413,1651,16518,2733,3.2412887499362495,0
2802,872,10201,663,3.270360304191445,0
3719,1703,11061,1958,0.2121487456555215,0
30,1176,47355,52,28.937951243481955,1
1300,383,8063,1888,1.146599950471158,0
27,3699,19615,8,78.83877192111395,1
14,1805,30723,7,74.30849324660164,1
7,2539,30043,68,83.98374721761805,1
65,4268,9158,10,44.46381004659077,1
61,1946,5537,90,41.035459464176284,1
16,2969,43237,50,52.13986466877765,1
4662,1053,13922,1640,3.7128872214241553,0
0,3778,27553,74,60.888768279613465,1
3260,1590,12514,2302,1.9526195138036577,0
71,1130,33715,16,31.612297194687898,1
70,1216,38443,51,48.99327229044455,1
3664,608,2327,1030,2.6476754758660555,0
77,2454,15172,93,32.8306643482711,1
1468,327,12610,1187,1.8415894431735425,0
31,2143,49858,60,78.65720373602639,1
24,3724,30407,66,48.521489433228965,1
71,3114,49329,76,29.542502578014414,1
2385,1365,1158,1389,2.0664536157226805,0
90,1211,31080,22,38.46120763849385,1
2192,427,4933,1474,2.629474975163765,0
25,2255,23299,13,74.15150076186386,1
1545,107,15249,2011,2.609575566232155,0
3280,1494,15073,2757,0.9509496820645839,0
15,3450,12418,96,21.332492040758986,1
30,4158,13751,65,72.45057834174787,1
39,2346,22160,38,24.982243565968993,1
1224,1635,12880,1167,1.6833424133829478,0
438,242,5818,2090,0.35722225208264957,0
13,2014,14856,95,28.14193853262596,1
12,1572,27700,33,23.913099063887728,1
53,4906,48193,69,43.75967624793333,1
25,4384,6405,15,73.84372607132687,1
2654,1406,2118,1442,3.1815868580655735,0
4655,272,4787,2435,2.1011815192669245,0
95,3474,11268,53,57.32681128464942,1
52,4982,21689,30,68.37026305182599,1
860,1047,8470,603,2.103583668076059,0
62,4004,23853,81,86.04432424139694,1
55,3621,14090,55,64.92186514402405,1
1839,900,13399,1724,3.244567095273005,0
305,538,10942,2672,1.2308191266333044,0
2571,390,9143,1915,2.274358723046807,0
13,1816,10763,6,49.5260747228817,1
2947,1379,17499,1789,0.48158438403698434,0
3462,1254,12339,796,3.536682736511071,0
639,664,8431,688,4.433199516938704,0
58,4937,32007,89,26.969820626179526,1
3705,1653,7371,2599,1.3477238870385406,0
2945,1818,15812,2615,3.4290903373489448,0
26,1790,5634,56,97.28157231017902,1
210,866,17541,961,3.0043937306187196,0
16,4163,35320,31,38.95066660590214,1
126,1529,5000,437,4.631791373019159,0
3479,365,3900,1541,4.183928134505359,0
61,1848,29559,5,82.80626156330695,1
2423,1948,17464,1835,4.654569143628297,0
4292,801,16203,1931,2.9109778559606583,0
3877,154,8982,1692,4.558438748590984,0
2415,1802,13731,1578,0.8850976579514801,0
50,4018,25135,22,54.599689278114816,1
4689,796,18693,1337,4.427329339198625,0
43,3349,32300,82,35.854548703699116,1
77,4421,20773,83,20.171312697048613,1
2118,520,19749,1797,0.22162557441575814,0
1662,1883,1707,545,4.511186548980055,0
277,1329,13197,2962,3.7209752784700254,0
1080,381,17236,867,1.1511049125634247,0
1823,185,14657,1716,1.5988624413781276,0
3066,946,4709,1881,2.257904454409348,0
82,3641,6672,29,37.990538025863955,1
4132,360,17872,2284,2.2528649125537683,0
1523,630,12479,1571,1.9538750202575275,0
28,3521,8358,91,48.253290850463756,1
48,4352,13492,30,72.10007185819461,1
31,4711,33057,77,60.07253839319017,1
1384,1981,1282,603,4.017569784763838,0
177,1465,9588,2937,3.3997301203685764,0
4258,1742,7520,1737,0.14554945918047804,0
37,4912,25564,20,53.80123176047797,1
4149,1350,3258,763,1.2991115432337625,0
2316,1400,18344,538,2.0579973150991666,0
30,1168,24191,88,64.23606441689525,1
17,1623,40779,9,44.37891021107397,1
4179,1644,19059,1600,4.36858476945051,0
1674,918,648,1168,2.669965114188672,0
4769,457,18027,415,0.9252398124127772,0
3567,547,6038,2789,2.923785897058389,0
43,4621,31261,30,54.10346675380235,1
20,4703,41715,50,41.02448952981976,1
62,3116,46037,54,58.22735892987644,1
3341,312,1060,801,3.780155351351956,0
3312,1849,12269,2022,1.0636774822349557,0
55,3977,6909,69,98.36977271758929,1
2879,340,15712,1722,1.1194819780038954,0
18,3315,22016,64,22.14992533088082,1
23,2471,32812,7,72.09415258018407,1
4036,831,5776,2151,3.810853298102683,0
2530,905,6569,816,1.9539262516693636,0
77,4558,6269,51,32.57060493521298,1
14,2208,14790,58,73.86479181546017,1
3498,534,1594,2439,2.7265342619578656,0
2657,559,12077,1321,0.6582685111585374,0
273,1608,12577,2461,0.1099645221760846,0
70,3921,16195,78,63.32054228106132,1
1131,1751,5302,2953,0.5301984937209486,0
71,2875,11282,96,52.84568466880438,1
81,4127,25042,74,78.89528365089934,1
4772,1536,3058,672,1.0319614506551718,0
1108,1060,12031,1151,4.9238762894445784,0
91,1415,46436,72,83.51927070998573,1
90,1918,46743,24,84.31361487378703,1
44,3396,36799,99,30.58161791510446,1
3622,1289,8503,2686,1.382724640702883,0
1029,1231,7145,584,1.954928545792223,0
36,1869,21175,65,97.36888994243748,1
35,3541,12346,60,85.53915038916428,1
194,1860,18657,2846,1.2350956916529172,0
744,1237,1685,2877,1.7753990841508833,0
4329,137,16588,874,2.6908783044427085,0
174,151,569,2744,4.106347928430664,0
4522,324,7800,412,4.639420764794232,0
725,1821,15719,2338,1.6139764112146067,0
468,848,12917,639,0.35885465736735356,0
993,975,15626,813,1.96334466787564,0
4968,338,7826,1959,3.802461811669552,0
93,3103,31211,28,58.87373319357642,1
39,2569,17077,52,21.077990940314084,1
1984,237,7520,1399,1.3358943382383786,0
65,4696,17046,49,32.21862227746936,1
64,4733,18042,21,98.32421807833542,1
51,1129,41970,29,80.41052579245317,1
809,1713,9356,1769,0.7126283598557083,0
63,2470,22870,61,59.41367978444289,1
40,3078,33842,56,36.18421796837147,1
59,2693,17070,91,72.32123170123953,1
42,2994,44198,85,34.6552972399174,1
1221,1917,3363,1647,3.132261758181394,0
73,3829,41302,38,22.107722547577893,1
4178,391,16752,1921,1.1477923907124994,0
82,4439,31302,81,54.89244647698692,1
2642,308,19165,1635,4.75264119205405,0
1,1067,15926,60,28.66963606410409,1
78,4769,18293,80,61.37871377209976,1
1093,1096,995,2103,3.8968153113018,0
951,701,810,2229,4.370291509307728,0
14,1821,46424,44,77.18928943009634,1
4003,482,4030,1179,1.7345176402897224,0
21,4138,38796,49,68.38141318660733,1
44,3585,43266,90,87.05913263103005,1
74,2364,40899,55,82.30632066999243,1
2325,1756,1930,656,2.3720045965184986,0
3756,1250,15359,1302,4.005045475079943,0
176,465,4481,468,1.1330773600569948,0
72,4340,7675,18,84.36375049972517,1
40,3794,21518,70,59.13431440851238,1
3864,338,7637,2854,0.7845961040626488,0
2798,1736,12349,453,0.3110248347056195,0
97,1099,11152,29,24.079777085729212,1
73,2499,22657,19,89.14576900339961,1
17,1552,32128,19,49.143064270856954,1
3539,837,2152,679,1.290312118125753,0
22,4928,7661,28,40.032933878358406,1
1,2926,26649,49,75.97681308689478,1
41,1801,18434,19,71.78907062631401,1
1,3442,6687,83,52.18657096197637,1
44,1117,39812,58,83.44257828392168,1
2117,1928,18782,2833,3.9437128604325813,0
8,1242,20006,23,48.18180103253242,1
4770,384,4567,2378,0.2041666375199835,0
85,3623,48416,81,89.97950004328429,1
72,2292,12498,88,25.37677913286955,1
2982,1321,15104,2959,3.0387381973821967,0
54,4360,9353,61,73.03944693779934,1
4480,626,15189,1036,3.9140139895071977,0
0,1194,22046,26,55.68490357977352,1
98,3668,11840,87,62.97060122360672,1
76,3899,11132,16,32.136654335476855,1
4472,717,6904,544,3.8052606545176215,0
63,3951,37647,54,97.76903407200743,1
1185,1194,8244,2403,2.7820047741139073,0
73,3047,16336,94,76.88065656449407,1
31,3414,24700,40,53.709702608425765,1
2674,876,17178,457,3.622500449869853,0
94,2385,6201,23,23.299423421592927,1
3240,645,3622,2235,4.236054199380499,0
75,1009,27681,61,68.9864308150629,1
4819,1549,14288,1336,4.199487525406338,0
56,1336,45365,87,69.1144321651629,1
3008,187,19905,759,3.099539663295287,0
1135,1241,3074,2038,1.9881483768602544,0
1812,968,14676,2153,3.490771874454847,0
4492,1286,16844,1723,1.5707074189015273,0
1590,1961,708,682,0.662054780439527,0
25,1585,35027,80,84.97393298596634,1
60,4800,15432,12,39.37683414764632,1
11,3723,16549,23,59.24710343258191,1
4574,1126,8149,1061,2.1844509706134865,0
95,1579,30341,90,68.35554496266786,1
2096,978,609,2258,1.8870956708514055,0
51,3770,35618,44,38.404798029585976,1
594,356,1493,625,3.8504196151896477,0
843,1124,5938,2273,3.078082513984536,0
4719,1224,2796,1619,1.6554302774160976,0
52,2316,18527,83,88.21485764928362,1
13,4891,13274,36,60.921969269155554,1
10,4952,22566,37,71.47230530041355,1
1316,1727,13694,1321,2.9009954888616956,0
3418,550,16212,2832,2.6780106519907636,0
4229,225,17974,1967,1.7872716915385514,0
2239,1694,1933,2298,3.7660422283936374,0
18,3458,15855,43,69.96716634857518,1
3042,1048,15859,479,2.294078735175357,0
381,553,12890,2229,2.133937728073522,0
2303,740,10934,2868,2.1195307704364863,0
86,2173,21065,88,40.43833618652245,1
21,4470,44863,44,75.23183485346301,1
42,4980,31582,84,68.75839764043151,1
1559,1167,5108,2489,1.0641758629390752,0
79,4971,8186,94,59.022147419402515,1
4770,832,2555,1012,1.1931881740387642,0
4360,765,2950,2469,4.859022588176086,0
32,3072,42942,10,42.136800151572736,1
81,2068,39633,70,45.87125304394564,1
15,4227,21502,32,74.37761424021903,1
83,3752,26045,97,76.25362737708627,1
3812,1148,4520,2571,4.378813925253754,0
2656,1787,13821,1690,1.5032066765438998,0
36,2706,46243,23,61.11262301479981,1
74,3438,15231,69,47.257276726971085,1
4312,1257,11991,2805,4.378681323696959,0
12,2013,8062,17,98.65242299589079,1
40,1866,38898,91,54.17747609918722,1
3903,1985,2965,1302,1.3353148298704658,0
96,4108,42903,42,35.50955141166703,1
42,2511,36867,69,70.40074998100721,1
93,1362,28218,89,76.2289755358183,1
24,3728,38379,82,21.610057397775442,1
1191,1997,3206,1626,2.4497565192435453,0
80,1092,23489,20,52.15894953340921,1
32,4375,30236,85,27.057562475265478,1
4850,1337,15771,1506,3.8945873618234828,0
42,3351,17396,82,68.83882195610482,1
4767,1026,2643,1428,1.494072604851159,0
3740,1304,9384,716,0.3132317305044885,0
9,4400,13718,35,31.128116713692524,1
3922,498,3263,742,4.0042508916476445,0
1037,1186,18765,1434,0.37955212186152043,0
3698,630,17573,1034,1.5718597769744858,0
42,2936,32583,17,28.885961007467664,1
6,1514,38509,90,93.72796637488194,1
1869,1029,8995,446,2.0305170752113333,0
50,2409,33977,17,37.22391833981852,1
2322,1004,6137,1512,2.1893786357662988,0
931,1321,5608,993,2.348946006041613,0
3930,1701,1036,1828,3.2173909319068814,0
55,3824,16027,66,56.486435572408055,1
19,1782,42769,58,31.442384776864365,1
3251,1268,16949,1340,0.6353922713544414,0
44,3491,7012,35,44.99946610131046,1
15,3956,48885,13,29.044552432719613,1
1208,548,19390,1826,1.2839040144463592,0
44,4729,33427,86,66.91995587904464,1
80,4076,16945,79,96.13647998820076,1
44,1995,8398,32,60.28744715226557,1
1963,1428,17512,1609,3.906522518548559,0
11,2985,29736,16,28.41201448626089,1
4286,1313,9819,1238,2.8982640307183822,0
4633,290,9515,931,3.229622203738628,0
97,4052,20107,67,50.956146972171005,1
77,1357,39413,68,20.997080434805262,1
36,1458,20702,96,52.96410439594708,1
66,2930,31615,57,97.66854376569509,1
48,1772,43810,69,25.007236039006422,1
4952,939,4655,2422,1.912385815014394,0
66,2619,26760,50,83.95686966374254,1
1373,1696,19390,1062,0.9323336790498333,0
3862,1930,4049,2428,3.0153874730125807,0
73,4501,23562,43,35.13031228647297,1
4036,674,12488,2973,4.3271193651195805,0
2921,1781,13684,2147,1.2098775099288686,0
4712,179,18523,378,1.4241640174784287,0
47,4670,14325,58,71.66184824807601,1
60,4056,44427,2,59.39285204928457,1
47,2175,7698,37,67.45089593930608,1
4078,965,16411,1057,4.268541130434357,0
1937,100,2049,2758,3.973346660545439,0
1218,578,13040,2510,1.336003473048448,0
26,4480,18401,22,47.54903843398676,1
2264,282,19675,626,4.040741855608636,0
729,1755,17910,1643,1.2425217770413173,0
3631,298,16150,1439,3.8853627296776896,0
4948,256,18263,2263,1.5693670528040466,0
38,4587,29769,52,97.8447878189553,1
77,3192,21717,2,20.774360143066666,1
3058,426,14946,2220,1.464575064269538,0
39,2351,9226,31,84.39401652617012,1
87,3981,15926,53,76.7521898899504,1
88,3915,14787,60,72.78848463278699,1
4621,1568,9341,1338,3.9432557578920964,0
3,3788,44646,88,67.16191087584477,1
47,2049,39842,82,54.63521816019706,1
1639,1237,19138,506,3.776029854308788,0
7,1096,47845,35,79.74860785931568,1
4410,400,16127,2757,4.45144278541467,0
975,1895,2151,1676,1.8186590284231892,0
4934,980,9905,2750,4.728647073476831,0
73,4954,48678,94,61.145590604738004,1
64,2476,30531,41,85.16563759501962,1
25,3235,25669,86,63.18717552029942,1
2917,897,7929,1098,3.624007546699485,0
1283,1119,4304,2618,2.9780648591724286,0
3246,1107,4268,1000,4.839409033794251,0
73,3541,8584,36,66.1511866186082,1
43,4159,42096,48,43.63240478076882,1
4336,972,9262,2244,1.3769461356546233,0
320,754,11628,1070,4.592289149599294,0
42,2762,43996,74,74.18924930073857,1
89,2755,29486,15,40.32644015491961,1
4185,536,8948,624,4.330131712614904,0
89,3094,15179,88,26.54257391328222,1
13,4848,7033,44,45.71798567769663,1
14,1735,12248,39,27.673216944297465,1
11,3161,42405,49,65.1687127756814,1
3018,719,14495,1300,2.261637370065945,0
2978,181,5790,1109,2.6574433911633926,0
4020,365,8857,2877,1.755522190565668,0
1911,686,7595,2783,2.6185111344247187,0
84,3368,32621,77,37.82440420287607,1
72,1663,46050,43,44.37828854215063,1
4329,412,6459,2257,2.411808265514123,0
40,1732,25499,42,31.53210266845658,1
97,2624,18912,59,67.61414934268423,1
1341,274,7442,2808,3.042508570510548,0
27,4218,46997,10,38.65360046583585,1
391,1703,3231,1260,3.4570980705368513,0
3296,1843,15492,436,0.7541340718524665,0
94,3645,22717,65,21.78416702187027,1
58,1367,43567,70,84.10011546614646,1
37,2910,13148,47,55.121240594602256,1
6,2312,33739,67,27.6910850475247,1
3451,1544,9581,1656,0.289183246233628,0
28,3445,14614,45,20.778885896516197,1
70,1032,23848,77,97.90990403336633,1
84,2786,39528,34,55.435379102385276,1
35,4760,47654,86,95.48025090929585,1
58,3353,39571,77,45.07006392643056,1
9,4295,21863,2,52.153120869880496,1
83,3479,17135,26,71.26490719093628,1
1677,1317,8347,1044,2.209382089506248,0
4618,1230,17489,558,1.6475268311618474,0
3260,680,18119,472,0.8947176198143861,0
2774,1297,6901,372,3.7381288028832835,0
0,3628,34009,31,51.83932704115194,1
2035,897,17218,1818,2.202645935659366,0
1051,1060,16974,440,4.453444511289627,0
986,1144,871,2833,0.8476459523702826,0
4757,651,5404,1765,0.3474491283740382,0
397,1554,8504,998,4.768495025891224,0
4306,870,7903,2879,4.036864649507619,0
89,1916,23072,72,28.50558227548771,1
2981,1390,8741,1247,3.9506648989510937,0
938,1591,18038,2867,3.526095262706919,0
4789,235,6172,515,3.445733135000966,0
69,3863,42699,61,96.70636289625338,1
33,4044,47187,74,50.046450673390794,1
12,3808,7992,39,22.532065939218533,1
1498,512,13028,2052,2.442972704374183,0
3255,1820,14153,2628,2.412914387298186,0
63,1000,25211,52,31.621027025986514,1
2169,1530,9965,2827,4.618398687697957,0
61,1743,7554,42,34.12121109284903,1
60,3058,38163,91,85.99482069714597,1
7,1986,17022,82,25.0471625687437,1
18,1681,46133,53,47.31332720137946,1
302,1675,4340,1024,4.221941775931022,0
1042,208,765,1131,1.1620672703622545,0
47,4224,6877,65,97.12359593496643,1
32,4368,40954,94,88.98890952399105,1
89,1791,7177,93,32.76773280596256,1
4221,1579,3736,2707,0.33955019147952314,0
4905,1413,2541,2838,0.5706391538787773,0
118,830,1784,1287,1.5133648733229,0
54,3841,34680,86,51.17458290386767,1
79,2986,36682,1,59.59359418276552,1
73,4586,9604,86,37.533643798921645,1
94,3233,44644,46,82.45996844108319,1
6,4956,29355,84,56.865694196358376,1
18,4809,17175,25,79.70040210562959,1
4979,445,8207,2904,3.9548318445798842,0
2300,1094,3123,1827,4.134845023599625,0
1995,1749,10327,2974,4.348132139424777,0
22,2555,8085,6,94.52521325340433,1
4,4355,30364,95,30.78410596538398,1
28,2098,9351,21,29.61816077666103,1
1834,1719,17743,410,4.84190443524982,0
68,2030,47592,74,60.95123817910074,1
1,1698,21554,35,59.896392117088055,1
3866,1154,8833,1299,4.245219059299392,0
4186,985,4909,553,1.571960335209548,0
92,4484,28778,16,54.97953566501429,1
2454,1696,10472,759,0.5328431249278301,0
57,4746,17967,92,53.61526385670135,1
159,1427,18550,1497,3.6688093462351663,0
3130,1246,19199,2362,3.1427026139710104,0
873,208,17168,1925,1.0252139825653002,0
35,4987,44097,50,94.00575807383518,1
4,2572,11941,34,84.20794234689465,1
3589,207,12124,1407,4.027717826342165,0
3838,1672,7399,656,1.6814656885980768,0
4942,190,19823,938,1.7827936183550273,0
1152,714,17103,459,0.4972110070073885,0
4968,1315,7886,1359,2.81296241814381,0
73,2893,41561,51,30.031188835994165,1
48,2775,20180,97,30.254981955183887,1
1754,349,4769,839,1.0634268179456783,0
1,3412,36426,90,56.33536572973977,1
16,2639,30960,84,47.79754076749691,1
2668,812,5064,1047,4.0899455471552075,0
3316,1329,12840,2081,3.5795746688919348,0
7,1546,28837,18,86.73589393736196,1
84,2348,24422,51,25.95018431924987,1
26,4752,28445,34,39.36771867912682,1
3195,132,16430,735,3.4749914698246265,0
3197,1726,12115,1808,4.63629767038128,0
3647,1547,1159,1978,0.5867921495665424,0
122,542,10711,1137,0.3998624411896906,0
29,2489,25536,37,26.234786241915728,1
1858,666,13236,2146,0.7516848196021173,0
2136,1634,2236,1114,3.662873468814974,0
690,1812,2065,725,3.575178195042637,0
1516,132,13339,543,0.14611987125073295,0
3978,1995,17175,1646,1.4900145563968312,0
31,2672,36563,5,34.27937392260134,1
58,4241,26227,89,94.81931402698041,1
71,1228,24129,15,27.14977613224348,1
87,3193,28719,87,99.95060855872285,1
71,4401,23226,72,31.687094476268385,1
74,4477,38711,55,23.82471978910924,1
97,3266,45936,87,36.56086705274327,1
438,528,9686,1824,1.929337755754039,0
2341,500,2843,1445,2.4051100516149635,0
2680,259,5943,2960,3.1583809284349416,0
29,3520,36762,34,46.18696749235937,1
122,691,19029,2878,0.7142607940272905,0
3246,354,5002,2822,3.930688233519496,0
67,1889,19581,76,33.6246425480947,1
23,1020,48136,92,41.05234511604215,1
2,3936,39410,23,33.752108651119315,1
3589,628,1192,2220,3.654483569749534,0
4527,511,13580,2275,3.507465272257812,0
274,1365,16837,1228,4.915504093722255,0
27,1707,49668,44,62.720516937010196,1
65,4905,33958,15,30.626198294751575,1
1940,414,10657,1375,3.3632582660443706,0
92,1023,45164,55,53.81274825747216,1
4753,914,16960,432,1.3943314693788385,0
38,2243,6625,34,79.26025236098525,1
86,3476,42949,71,25.481150736191207,1
74,3513,36105,42,70.07291683381,1
96,1480,15529,7,92.93793928550302,1
66,1813,42301,78,75.04562024834993,1
2233,441,7249,1745,0.8875943061689697,0
34,4819,46381,47,97.9633960830969,1
4637,312,3036,2001,1.2196851563879818,0
91,2594,30621,75,44.41806297051082,1
93,1489,15941,19,71.76673185455115,1
3447,1348,16171,727,4.573765498579661,0
32,1975,32254,69,40.83546385367587,1
4266,1420,10214,1915,1.573472530329452,0
82,1788,26291,9,86.89202894867479,1
72,3226,15526,10,65.53581834799388,1
1749,1357,6475,1701,4.409200335204513,0
1324,288,4297,624,3.8879942411502864,0
12,2141,36662,95,88.59602156118333,1
2641,1993,8164,447,0.7769970639760876,0
3493,1991,12179,1786,2.23072573926648,0
1272,1399,15278,907,3.3263190136639564,0
3676,865,7609,803,3.237677522160082,0
3674,1801,18240,1600,1.0356342571845008,0
95,4370,37769,68,86.9711754782944,1
73,1812,23331,12,33.87267269061021,1
28,1405,28354,59,20.316515521911906,1
4303,669,15093,2170,0.2791067032140684,0
1151,285,6103,893,2.9916884699597834,0
68,3187,39826,20,56.35613467455441,1
83,1668,33939,74,87.56417168712954,1
0,4712,22862,57,91.00790501386689,1
3816,1863,5658,1458,1.8358905044239646,0
950,1262,9496,1118,4.504532623782645,0
1723,407,13054,599,2.9451278408459127,0
4734,1554,1494,2543,4.390192213721582,0
88,2558,44141,69,48.7987852469427,1
1805,1262,2125,1467,2.876499221162687,0
2998,911,14603,1931,4.049385797606375,0
4361,539,4344,479,1.384675142472894,0
1693,1221,7268,1215,3.3977670507593634,0
3962,466,19024,1211,0.954317303580296,0
15,1833,44349,35,85.02803194991738,1
35,2203,24969,24,53.47257748995422,1
4974,1766,10890,1451,0.45965104488963104,0
3720,1388,17266,2235,4.219565890327584,0
94,2153,21931,88,80.66302927156613,1
93,2209,29544,3,54.77622820610516,1
25,2743,34093,6,88.99317581405663,1
39,4683,23197,71,49.280108746999225,1
84,1431,12317,40,29.476908394793284,1
956,893,16782,1075,4.761277125473168,0
1057,1934,11489,2878,3.7463476368249524,0
1829,117,2343,1111,1.0738958030177215,0
4230,1725,1935,1809,4.2158414720686155,0
19,2553,41224,56,79.17402526112073,1
5,3717,6624,28,90.42593447050271,1
46,1458,31822,70,85.93370674812924,1
4925,376,16428,2849,2.5768131933389604,0
70,1782,45184,8,32.18319858620856,1
3997,218,17296,1954,0.11281702663035975,0
1045,1917,19137,1276,1.5840183974948887,0
1363,1209,15450,2423,1.2292564687637342,0
1622,1964,6879,1585,4.231203420301591,0
2530,1922,15639,2838,2.9471225816136393,0
16,1790,14007,96,29.701360943347687,1
20,1660,37752,97,34.40433795164828,1
502,1560,16051,1763,4.080260259193083,0
24,1585,48081,62,73.0599831578637,1
18,3141,26728,74,66.16731852623998,1
86,2444,41297,43,83.61733889867294,1
20,3986,24992,55,33.29039379644222,1
4918,910,6609,1051,1.7269255011185984,0
4955,1723,7494,1579,3.2414146802118826,0
75,2209,8491,33,90.88336802697229,1
16,4087,41064,46,91.39926424520263,1
2768,1172,17544,2294,3.967833631011128,0
34,3324,34101,3,78.99805920647948,1
65,2888,5478,89,81.82157397282319,1
52,4450,8257,55,28.636637893815042,1
4733,1619,19099,2483,3.1810417999625664,0
985,248,1274,628,1.971013786516879,0
10,1732,45334,28,97.44046501076863,1
402,749,16073,1188,1.971235016646949,0
4132,1092,16877,1595,3.482106663426951,0
4955,1515,7028,922,3.5225529223939507,0
4099,1606,2788,2185,0.838260979635676,0
40,2192,10013,69,81.26113768002935,1
3063,1360,17258,912,3.7781126090570276,0
113,1106,6538,1634,3.2955903424418698,0
17,2192,9983,16,24.709804815816394,1
1342,1639,2543,1601,4.057465370022397,0
4023,1969,4306,2793,4.34264690833202,0
271,231,12180,1812,2.212363541805504,0
348,1331,10716,2201,1.7364328377454807,0
89,4922,37918,30,67.57476681178875,1
2955,1615,17208,2271,0.29647167723591683,0
2481,1439,4636,2877,1.326645703022317,0
89,1480,24902,87,91.47957051911659,1
43,2802,33246,82,38.65671118410765,1
51,4406,46676,26,23.10160701785292,1
4726,1263,16597,2787,0.48310969190734787,0
33,1776,30826,93,68.06246957713506,1
84,4301,9148,4,85.30353869427994,1
70,1859,21564,11,76.40492214896739,1
1558,1921,9487,1184,3.9910727908653536,0
25,3238,34924,33,95.32486997503503,1
82,1732,18686,48,49.4338974236429,1
1,3053,6491,36,98.12208047499391,1
4148,796,17458,1974,0.19992489970600574,0
3654,918,16430,920,2.298303553659421,0
10,1940,41758,10,46.243225347518944,1
4073,1570,12369,2557,3.4952318506229116,0
41,1232,10916,48,48.18871974140411,1
1875,1462,9820,847,0.9955782515449934,0
39,4389,35172,15,98.07656776407646,1
44,1964,43589,7,23.154453479550323,1
4837,719,17287,1354,3.2675847142263454,0
887,1057,13675,610,4.686726870470995,0
1560,898,1667,1302,1.5038639607772353,0
2701,1206,4598,2778,4.702498397807748,0
2861,1991,15866,1426,3.917156866594392,0
59,3855,10452,52,29.655532182688795,1
3791,218,11139,794,2.0943887208120473,0
4310,322,13066,1553,2.2286547598721484,0
10,2231,29094,11,39.74350779691424,1
940,1797,18515,514,4.076631349735785,0
76,3971,7636,95,85.31894067676578,1
4410,734,19568,2378,0.5344255456126785,0
4426,189,13797,2544,1.3915614118417594,0
46,1808,27387,50,44.62408185965968,1
38,2684,5504,23,26.40324436367335,1
2554,1757,17190,2695,4.773329707334603,0
1139,195,13164,2779,3.4973841399790335,0
1341,1627,13740,1940,1.226344860305438,0
478,443,2208,1019,1.5588559941055218,0
40,4216,20008,16,91.52208798300174,1
84,3523,33804,36,53.54599864211749,1
3431,1191,8555,925,1.9504310221329937,0
2353,1018,1632,2378,1.64648446126323,0
234,114,10194,379,4.9898356314358985,0
14,4332,45144,34,35.04059549362872,1
1796,391,6210,2369,1.337349042181145,0
81,2309,49538,85,34.39617180081577,1
70,3427,38652,63,95.55376825213885,1
2498,1344,5935,2871,1.5065883890654845,0
69,4932,20594,82,36.84981498746374,1
2235,619,9000,2148,3.237486148648131,0
1467,1788,5901,2127,1.67676953773863,0
83,4798,47524,58,51.5611730643024,1
2498,490,5782,1492,2.895396444007886,0
79,4950,46553,18,29.65931882260371,1
547,446,13821,2935,2.9689630785808068,0
2,1596,20088,21,53.910351835788475,1
834,593,9924,1458,1.042662388797061,0
31,2193,42327,47,55.18849197332067,1
92,4335,48694,95,61.68246040617699,1
87,1679,21888,12,46.46753047622752,1
96,2035,40133,88,59.539315489873246,1
0,2993,45988,96,41.07734461371231,1
3813,457,19126,2895,3.383231019619959,0
40,3909,20146,25,62.29122646021135,1
58,1548,31243,86,38.31306446699091,1
2167,580,5085,507,3.899683180531464,0
65,1519,26373,2,86.62725525689916,1
30,3980,39013,6,66.22975616376857,1
9,1441,28371,13,74.57741930294327,1
86,3131,32369,56,22.62444147793869,1
70,4629,15245,17,91.63053324296534,1
2749,1069,10981,2136,0.32663358214568616,0
2,4520,49219,8,78.67254810634435,1
2210,380,3171,1187,2.3750389361168156,0
73,3560,11725,5,52.104490728891115,1
55,2707,23737,17,52.34835159356138,1
1131,417,17826,2965,3.1112070985661644,0
1278,1823,16773,1444,1.5909338373961326,0
90,3674,12593,16,81.72261267705315,1
321,1558,2030,1547,3.6421517287938854,0
4741,631,18429,1535,2.4137994697466993,0
726,171,9337,2886,3.792361931511064,0
85,4274,40951,5,56.53327536138989,1
80,3935,34280,11,61.366137203161216,1
3979,200,1943,1502,3.45857754863312,0
2634,213,3756,2749,0.6136019876169103,0
34,4639,36653,67,72.75634417350322,1
1367,410,615,1381,3.218369084953171,0
4462,1751,16389,1008,1.990525430804621,0
3019,293,5633,1617,4.284280321089123,0
3302,472,12197,2722,1.7762439309905533,0
947,327,1199,2112,4.987755666174564,0
4808,1594,7877,1938,4.699082409232749,0
51,3929,19911,69,91.6073483417465,1
1277,851,1755,2385,4.5377041269107385,0
87,2793,18471,51,46.80063938110877,1
29,3305,25159,39,69.74049363690521,1
4854,365,980,1664,2.5693820627981614,0
2331,1372,17404,2216,0.9362338499444816,0
53,4612,45199,77,79.20894006318025,1
53,4892,11111,84,82.44705273195758,1
3884,1096,1459,2429,0.46433129385057614,0
3336,1854,12065,369,1.45748881467429,0
1051,1405,15050,897,1.3912415329251675,0
313,642,8269,372,1.2036964925278397,0
1594,1124,15310,2996,3.2535558424213797,0
708,1941,17115,1087,0.8148336988242595,0
2,3427,44285,44,54.470852385049696,1
21,2640,7229,23,23.0926105728691,1
640,137,2332,2824,2.6426069968641253,0
33,3496,31087,3,93.73326025099323,1
4675,1416,11672,2759,0.2522214161918245,0
71,3281,9008,53,79.98413620365586,1
6,4007,49029,7,96.61451826037204,1
73,2667,21545,18,55.10582194940518,1
75,1479,21638,42,92.93585119559653,1
31,3425,18959,55,28.811872116093518,1
94,1617,28272,27,76.49689846097314,1
2187,220,10219,2143,3.6868015493599358,0
4186,649,11718,1200,1.205420798434604,0
2,4281,7610,82,23.14897565872318,1
2519,545,13369,1266,4.020780022698085,0
28,4249,6719,52,79.64467318690052,1
52,3007,14489,82,41.973892372796094,1
1552,1999,9773,1880,4.5478735030078745,0
97,4666,28041,61,27.985909829795634,1
62,4070,9595,58,56.1081810095942,1
859,1394,15645,370,3.52531827823588,0
3791,1997,9996,2215,2.947698802602812,0
2649,1646,15771,1879,1.6302877142123815,0
96,4912,31382,55,46.00170921124227,1
24,3896,39558,80,92.57125914568084,1
21,4219,7584,69,62.62316286035042,1
4722,1368,13167,1219,4.43823906105105,0
80,2807,22213,19,50.15824205475562,1
3327,658,11950,815,0.5395767266526477,0
2838,1418,18247,386,4.15426616258341,0
44,2313,46390,77,88.01306935284836,1
2981,1350,8760,700,2.0069833020296057,0
32,4808,37141,94,29.991423004571498,1
75,2048,28332,89,89.88174576968915,1
35,2464,11388,70,49.257875867145415,1
231,1017,10710,543,1.3603222672815696,0
4024,996,17640,1490,0.6632137707522419,0
